,tweet,coordinates,location,language
0,"Canada‚Äôs @PaulMGrod, President of @UWCongress, joins Metropolitan @Epifaniy in Istanbul for granting of Tomos on ch‚Ä¶ https://t.co/T38ot338U4",,Ukraine,en
1,RT @expatua: Epifaniy: Russian Orthodox Church to continue existing in Ukraine https://t.co/sEeqauaJsM https://t.co/J6SM6t4QPu,,"Kyiv, Ukraine",en
2,RT @Reuters: Ecumenical Patriarch signs decree granting Ukraine church independence https://t.co/XgB794Haee https://t.co/D0yymzZtLD,,–ö–∏—ó–≤,en
3,RT @TarasKuzio: Putin‚Äôs defeat as Ukraine receives a Tomos creating Orthodox Church independent of Russia. This is a reversal of imperial h‚Ä¶,,ÊÑõÁü• Â∞æÂºµÊó≠Â∏Ç,tr
4,Ukraine: new Orthodox church gains independence from Moscow https://t.co/mKb2ARPFMj,,"Dublin, Ireland.",en
5,RT @BBCWorld: Ukraine Orthodox Church to be granted independence from Russian Church https://t.co/1qIw8PW7ic,,"Brooklyn, NY",en
6,RT @AP: The Ecumenical Patriarch of Constantinople signs a decree of independence for the Orthodox Church of Ukraine. https://t.co/Eph5FjFk‚Ä¶,,"Buffalo, New York",en
7,Tomos signing ceremony in Constantinople ends with shout of ‚ÄúGlory to Ukraine!‚Äù / https://t.co/0XeyE6SpRU https://t.co/OJgEE3TGVE,,"Richmond Hill, Ontario, Canada",en
8,"RT @ProdamMusor: –°–ë–£ —Ä–µ–∫–æ–º–µ–Ω–¥—É–µ—Ç –¥–æ–Ω–æ—Å–∏—Ç—å –Ω–∞ —Ç–µ—Ö, –∫—Ç–æ —Å–ø—Ä–∞—à–∏–≤–∞–µ—Ç –ø—Ä–æ —Å–∏—Ç—É–∞—Ü–∏—é –≤ –£–∫—Ä–∞–∏–Ω–µ via glavnovosticom https://t.co/6fJOeUcSrF",,"–ß–µ–ª—è–±–∏–Ω—Å–∫, –†–æ—Å—Å–∏—è",ru
9,"RT @WaschukCanUA: Canada‚Äôs @PaulMGrod, President of @UWCongress, joins Metropolitan @Epifaniy in Istanbul for granting of Tomos on church i‚Ä¶",,"planet Earth. San Francisco, CA, USA.",ru
10,"RT @BungeeWedgie: #Ukraine post office celebrates Waffen SS nazis.
https://t.co/p0HkS2dSZn",,12358 Fibonacci Cir. ,en
11,RT @DECLEX: 2/3rd point had me in tears. üòÇ https://t.co/56rOzYHeQo,,"Lokoja, Nigeria",en
12,"RT @AmazingKiev: Just a hotel in Kyiv
#Kiev #Kyiv #Ukraine https://t.co/vIKiPK7IEb",,–£–∫—Ä–∞–∏–Ω–∞,ru
13,"RT @MrDtAFC: @BBCMOTD BATE Borisov v Arsenal - Luton to Lithuania, drive to Belarus, get refused entry at the border, taxi to Latvia, fligh‚Ä¶",,Uswazi,en
14,RT @muyiwag: Speaking undiluted truth! I like that line: ‚ÄòAm I foolish to that extent?‚Äô https://t.co/wR1Hv47QmZ,,Lagos/Abuja [Nigeria],en
15,RT @ChristopherJM: The irony for the Kremlin is that Ukraine would likely not have been granted an independent Orthodox church without Puti‚Ä¶,,"Bosphorus, Istanbul",en
16,RT @ChristopherJM: Tomos granting autocephaly for a Ukrainian Orthodox Church free of Russia‚Äôs signed in Istanbul. Tomorrow it‚Äôll arrive in‚Ä¶,,–ö–∏—ó–≤,en
17,RT @PeterPsquare: üôàüö¨....... ‚òÅÔ∏è‚òÉÔ∏è üá∫üá¶Ukraine we are here and we are so cold and freezing!!!üò©üò§ü§ß ezi bote Oyi diüò© https://t.co/Yv7puJTU2i,,Port harcourt - nigeria,en
18,"RT @ChristopherJM: Archbishop Kliment, head of Moscow Patriarchate (UOC-MP) church in Ukraine, is displeased with today's Tomos signing. He‚Ä¶",,"Inverness, Scotland",en
19,RT @Reuters: Ecumenical Patriarch signs decree granting Ukraine church independence https://t.co/XgB794Haee https://t.co/D0yymzZtLD,,Kyiv,en
20,"Victor‚Äôs Way ‚Äì an incredible must see park!

https://t.co/mht7ggNHcJ

#TsemRinpoche 
#DorjeShugden 
#Kechara‚Ä¶ https://t.co/uD563hDOye",,"Perak, Malaysia",en
21,"RT @AnneBluebelle: Victor‚Äôs Way ‚Äì an incredible must see park!

https://t.co/mht7ggNHcJ

#TsemRinpoche 
#DorjeShugden 
#Kechara 
#England‚Ä¶",,"Himachal Pradesh, India",en
22,"RT @rtenews: The spiritual head of Orthodox Christians worldwide formally granted independence to the Ukrainian church today, marking an hi‚Ä¶",,üáÆüá™ / üá™üá∫ / üáµüá∏ ,en
23,"RT @GbengaGOLD: Dr. Sunday Adelaja, founder and senior pastor of the Embassy of the Blessed Kingdom of God for All Nations in Kiev, Ukraine‚Ä¶",,"San Lorenzo, Ecuador",en
24,Independence of Ukrainian Orthodox Church is good news.,,USA,en
25,"RT @AlexKokcharov: History is made: #Ukraine‚Äôs Orthodox Church is becoming independent after 300+ years of #Russia|n control: 

  https://t‚Ä¶",,"Porto,  Portugal  ",pt
26,"RT @by_Ukraine: ‚Äî  –ü–æ—Å–æ–ª –£–∫—Ä–∞–∏–Ω—ã –≤ –¢—É—Ä—Ü–∏–∏ –æ–ø—É–±–ª–∏–∫–æ–≤–∞–ª –ø–æ–ª–Ω—ã–π —Ç–µ–∫—Å—Ç –¢–æ–º–æ—Å–∞
https://t.co/1auMYOcAU4

#–ù–æ–≤–∏–Ω–∏ #–ù–æ–≤–æ—Å—Ç–∏ #–£–∫—Ä–∞–∏–Ω–∞ #–£–∫—Ä–∞—ó–Ω–∞ #News‚Ä¶",,–£–∫—Ä–∞–∏–Ω–∞,ru
27,"RT @MevlutCavusoglu: #Ukrayna Dƒ±≈üi≈üleri Bakanƒ± Pavlo Klimkin'le ikili ili≈ükilerimiz ve b√∂lgesel konularƒ± g√∂r√º≈üt√ºk. 

Discussed bilateral re‚Ä¶",,"Cairo, Egypt, Kahire, Mƒ±sƒ±r",tr
28,"Tomos for #Ukraine, #Poland's strategic partner and neighbor. One step further towards strengthening its statehood.‚Ä¶ https://t.co/MTDP9a7man",,"Warsaw, Poland",en
29,"""Artikel: Orthodoxe Kirche der Ukraine eigenst√§ndig"" Orthodoxe Kirche der Ukraine eigenst√§ndig

https://t.co/t21W9XAEhH",,Deutschland,de
30,"RT @GbengaGOLD: Dr. Sunday Adelaja, founder and senior pastor of the Embassy of the Blessed Kingdom of God for All Nations in Kiev, Ukraine‚Ä¶",,Nigeria,en
31,RT @ianbateson: Tomos (decree granting Ukraine church independence) signed in Istanbul. Will be given to head of new Ukrainian Orthodox Chu‚Ä¶,,–£–∫—Ä–∞—ó–Ω–∞,en
32,"@xruiztru it's a pity you Western anti-Russia ""journalists"" always forget about the Russian journalist imprisoned b‚Ä¶ https://t.co/iPaL6jRVpL",,"From Portugal, but not living in that US client state!",en
33,RT @Biz_Ukraine_Mag: Ukraine makes history: the official ceremony to establish an independent (of Moscow) Ukrainian Orthodox Church is curr‚Ä¶,,Ukraine,en
34,RT @PaulMGrod: The Tomos granting the Orthodox Church of Ukraine autocephaly has been signed by Ecumenical Patriarch Bartholomew of Constan‚Ä¶,,"Kyiv, Ukraine",en
35,"Defense Ministry: Russia prepares new armed provocations against Ukraine
  https://t.co/wNvJTvBxTB #Ukraine #Russia‚Ä¶ https://t.co/vOlgpLmMCv",,"#Kyiv, #Ukraine",en
36,RT @UA_EUMission: üá∫üá¶A blessed historic day of spiritual independence for #Ukraine: Ecumenical Patriarch Bartholomew signed #Tomos of Autoce‚Ä¶,,–£–∫—Ä–∞–∏–Ω–∞,uk
37,RT @Lambsdorff: Historisch - und mit Konfliktpotenzial. Die #Ukraine als eigenst√§ndige ostslawische Nation mit orthodoxer #Autokephalie hat‚Ä¶,,"Berlin, Deutschland",de
38,"RT @JanPieklo: Tomos for #Ukraine, #Poland's strategic partner and neighbor. One step further towards strengthening its statehood. Sincere‚Ä¶",,"Warsaw, Poland",en
39,"RT @TheFourEyed: @StrontDogg @CountDankulaTV They have and still do contribute to workers struggles and union action, the fact you don't wo‚Ä¶",,"Hull, England",en
40,Ukraine's economy-2019: Slower growth with lower inflation https://t.co/0DztjBMpNZ https://t.co/EOPLJEHNfO,,"Kyiv, Ukraine",en
41,"RT @TatAtfender: After 333 years Ukrainian Orthodox Church regains its independence
#Tomos #Ukraine #historyinthemaking https://t.co/1JZZ3u‚Ä¶",,–£–∫—Ä–∞–∏–Ω–∞,uk
42,"Ukrainian gov reported this week the  measles tally for 2018 and that number was an astounding 54,481. Of  this tot‚Ä¶ https://t.co/qn1pp0yXHn",,Not of this world,en
43,"RT @GlasnostGone: Good 2C #Twitter suspending Russia's useful idiots: US Russell Bentley for foul mouth threats/rants, UK Graham Phillips f‚Ä¶",,The Netherlands,nl
44,"RT @UkrVerstehen: Ein historischer Moment f√ºr die Ukraine. Bartholom√§us, der Patriarch von Konstantinopel, unterzeichnet das Tomos, das dam‚Ä¶",,Ukraine,en
45,"The Gigantic Maitreya Buddha of Xumishan Grottes, China

https://t.co/2tjhjux7we

#TsemRinpoche 
#DorjeShugden‚Ä¶ https://t.co/OvXKukDIDo",,"Perak, Malaysia",en
46,Poroshenko: I pray that OCU to continue uniting Ukraine with love and prayer https://t.co/o3DAMEqdxo https://t.co/M9qYasg0Rc,,"Los Angeles, California, USA",en
47,"RT @TetySt: Moscow has stolen autocephaly from Ukraine 333 years ago. 
Receiving it back within basically a year is amazing in itself and u‚Ä¶",,–£–∫—Ä–∞—ó–Ω–∞,uk
48,"I CELEBRATE BOTH    "" Orthodox Christmas: Why do some Christians celebrate in January? "" CHRISTMAS AGAIN! ‚úùÔ∏è‚õ™‚ò¶Ô∏èüéÅüéÑüéÖ‚Ä¶ https://t.co/T6ggJFtO6s",,out of this world !,en
49,"RT @AnneBluebelle: The Gigantic Maitreya Buddha of Xumishan Grottes, China

https://t.co/2tjhjux7we

#TsemRinpoche 
#DorjeShugden 
#England‚Ä¶",,"Himachal Pradesh, India",en
50,RT @TarasKuzio: Patriarch Bartholomew signed the Tomos which Ukraine receives tomorrow on Christmas Eve. The Tomos is the second geopolitic‚Ä¶,,–£–∫—Ä–∞—ó–Ω–∞,uk
51,RT @AP: The Ecumenical Patriarch of Constantinople signs a decree of independence for the Orthodox Church of Ukraine. https://t.co/Eph5FjFk‚Ä¶,,Omnipresent,en
52,"RT @Kateryna_Kruk: And so it has finally happened! Tomos of autocephaly to the Orthodox Church of Ukraine has been signed just now.
...a ye‚Ä¶",,–£–∫—Ä–∞—ó–Ω–∞,uk
53,"RT @GbengaGOLD: Dr. Sunday Adelaja, founder and senior pastor of the Embassy of the Blessed Kingdom of God for All Nations in Kiev, Ukraine‚Ä¶",,Nigeria,en
54,"RT @Tiger_Andante: –¢–µ–∫—Å—Ç-–æ—Ä–∏“ë—ñ–Ω–∞–ª (–Ω–∞ –ø–µ—Ä–≥–∞–º–µ–Ω—Ç—ñ) –¢–æ–º–æ—Å—É –ø—Ä–æ –Ω–∞–¥–∞–Ω–Ω—è –∞–≤—Ç–æ–∫–µ—Ñ–∞–ª—ñ—ó –ü—Ä–∞–≤–æ—Å–ª–∞–≤–Ω—ñ–π –¶–µ—Ä–∫–≤—ñ –£–∫—Ä–∞—ó–Ω–∏.
–ö–∞–ª—ñ–≥—Ä–∞—Ñ—ñ—è: —ñ—î—Ä–æ–º–æ–Ω–∞—Ö –õ—É–∫–∞ (H‚Ä¶",,–£–∫—Ä–∞–∏–Ω–∞,uk
55,RT @Snowbirdsix1000: History is made!: Patriarch Bartholomew of Constantinople signs Tomos of Autocephaly for Orthodox Church of Ukraine |‚Ä¶,,Omnipresent,en
56,"RT @ProdamMusor: RT glavnovosticom ""–°–ë–£ —Ä–µ–∫–æ–º–µ–Ω–¥—É–µ—Ç –¥–æ–Ω–æ—Å–∏—Ç—å –Ω–∞ —Ç–µ—Ö, –∫—Ç–æ —Å–ø—Ä–∞—à–∏–≤–∞–µ—Ç –ø—Ä–æ —Å–∏—Ç—É–∞—Ü–∏—é –≤ –£–∫—Ä–∞–∏–Ω–µ via glavnovosticom https://t.co/‚Ä¶",,"–ß–µ–ª—è–±–∏–Ω—Å–∫, –†–æ—Å—Å–∏—è",ru
57,RT @Liveuamap: Tomos for Ukrainian Church has been signed by Ecumenical Patriarch Bartholomew of Constantinople https://t.co/6Fu6PQAnDU htt‚Ä¶,,Omnipresent,en
58,#Orthodox patriarch #Bartholomew of Constantinople signs decree on independent #Ukraine church https://t.co/QiDwqyeZ03,,"Toronto, Canada",en
59,RT @UA_EUMission: üìΩ LIVE: Ceremony of signing the #Tomos of Autocephaly for #Ukraine in Istanbul. https://t.co/I1GAFkYr9H https://t.co/B7H7‚Ä¶,,–£–∫—Ä–∞–∏–Ω–∞,uk
60,"RT @olex_scherba: To all those who say about #autocephaly ‚Äúwhy didn‚Äôt #Ukraine wait?‚Äù, ‚Äúwhy now?‚Äù - please understand:

For centuries we Uk‚Ä¶",,European Union: Frankfurt/Main,de
61,"–º–∞–º—É—Å—è —ñ –ø–∞–ø—É—Å—è, –∑ –Ω–æ–≤–æ–Ω–∞—Ä–æ–¥–∂–µ–Ω–∏–º –≤–∞—Å!)üéâ
‚ù§Ô∏è‚ù§Ô∏è‚ù§Ô∏è (Odessa, Ukraine): https://t.co/y8JQMdNMoN","{'type': 'Point', 'coordinates': [30.7104, 46.4507]}",,ru
62,Ukraine: new Orthodox church gains independence from Moscow https://t.co/nmKfeLlagU,,edge of the world,en
63,Suspect of murdering two Turkish girls in Ukraine caught in Turkey: Report https://t.co/8DBJkPvQK6 https://t.co/2bFDo9FlqC,,Istanbul,tr
64,"#Russia And #Ukraine On The Brink

""...it appears that things may be getting ready to take an even more dramatic tu‚Ä¶ https://t.co/EU0qiv7Qi4",,"Washington, DC",en
65,RT @Lindalu827: Malware messages and phone calls: How Russian Special Ops won in Ukraine https://t.co/12JZlhj3QY via @thenewsrep,,United States,en
66,"Is it my eyes or what
Cuz d head rest looks like di*kü§£ü§£",,Ikorodu,en
67,RT @Biz_Ukraine_Mag: Major victory for Ukraine and disastrous defeat for Russia - all made possible by Putin's self-defeating war https://t‚Ä¶,,"Punjab, India",en-gb
68,"RT @AlexKokcharov: History is made: #Ukraine‚Äôs Orthodox Church is becoming independent after 300+ years of #Russia|n control: 

  https://t‚Ä¶",,Kyiv,en
69,"RT @KatyaYushchenko: Ukrainian Orthodox Church in process of receiving autocephaly in Istanbul, a dream we have had for 333 years. Photo fr‚Ä¶",,–£–∫—Ä–∞–∏–Ω–∞,uk
70,RT @GicAriana: The Tomos granting the Orthodox Church of Ukraine autocephaly has been signed by Ecumenical Patriarch Bartholomew of Constan‚Ä¶,,–£–∫—Ä–∞—ó–Ω–∞,uk
71,RT @ChristopherJM: Tomos granting autocephaly for a Ukrainian Orthodox Church free of Russia‚Äôs signed in Istanbul. Tomorrow it‚Äôll arrive in‚Ä¶,,"Punjab, India",en-gb
72,"RT @JuliaDavisNews: Ecumenical Patriarch signs decree granting #Ukraine church independence: ‚ÄúHuge win for Ukraine, defeat for the Kremlin.‚Ä¶",,"Manhattan, NY",en
73,"Ecumenical Patriarch Bartholomew I, the Archbishop of Constantinople, has signed the tomos of autocephaly for the O‚Ä¶ https://t.co/6aJQ0o73nl",,Ottawa,en
74,"RT @BungeeWedgie: #Ukraine post office celebrates Waffen SS nazis.
https://t.co/p0HkS2dSZn",,Australia,en
75,Ukraine Orthodox church gains independence from Russia https://t.co/LUxQOJmbqw #bookmarkstoolbar #feedly,,"Burnley, Lancashire",en
76,"RT @need_history: @1300KWL @lrozen @aljakuns We will see, very fluent times at the ground with all the Jihadist infighting. Russia probably‚Ä¶",,Deutschland,de
77,RT @AP: The Ecumenical Patriarch of Constantinople signs a decree of independence for the Orthodox Church of Ukraine. https://t.co/Eph5FjFk‚Ä¶,,"Pennsylvania, USA",en
78,"RT @KyivPost: Defense Ministry: Russia prepares new armed provocations against Ukraine
  https://t.co/wNvJTvBxTB #Ukraine #Russia #defense‚Ä¶",,Paris,fr
79,"Tomos f√ºr die Orthodoxe Kirche der #Ukraine unterschrieben 

https://t.co/8AAjVbLSPL",,Germany/Ukraine,de
80,Nice.  Now what about those tanks on the border?,,"Economy, PA",en
81,i only remember where hungary is bc i'm in european history and it's in the acronym CASH CZECH AUSTRIA SLOVAKIA HUN‚Ä¶ https://t.co/R3TpLuSLuP,,taegikook + namgi nation,en
82,"During the #war in the impoverished #corrupt #American colonial #Ukraine, the #bloody corrupt #Moldavian dictator‚Ä¶ https://t.co/6O6Ozvc8a4",,Israel,ru
83,RT @Snowbirdsix1000: History is made!: Patriarch Bartholomew of Constantinople signs Tomos of Autocephaly for Orthodox Church of Ukraine |‚Ä¶,,Republic of Croatia,hr
84,"RT @PaulaChertok: Russia &amp; Ukraine watchers instantly recognized Trump was echoing the Kremlin. Russian propaganda views, language &amp; tactic‚Ä¶",,"Spokane, WA",en
85,RT @AP: The Ecumenical Patriarch of Constantinople signs a decree of independence for the Orthodox Church of Ukraine. https://t.co/Eph5FjFk‚Ä¶,,Republic of Croatia,hr
86,"RT @mhmck: Ecumenical Patriarch Bartholomew I, the Archbishop of Constantinople, has signed the tomos of autocephaly for the Orthodox Churc‚Ä¶",,"Budapest, Hungary",en
87,"RT @gerhard_mangott: Das Patriarchat von Konstantinopel erkennt eine unabh√§ngige Ukrainisch-Orthodoxe Kirche an. Streit um Besitz, Verh√∂re‚Ä¶",,ŒïŒªŒªŒ¨œÇ,el
88,RT @Orthodoxie_com: Signature du tomos d‚Äôautoc√©phalie de ‚Äúl‚Äô√âglise orthodoxe d‚ÄôUkraine‚Äù https://t.co/9urVuK4u8E https://t.co/TBOOSC2vsf,,"Bucure≈üti, Rom√¢nia",ro
89,Check out Alexander Murashko - new coin Ukraine  https://t.co/F5Be2Zqpyp —Å –ø–æ–º–æ—â—å—é @eBay,,https://mishareva.in.gallerix.ru/,ru
90,RT @ChristopherJM: The irony for the Kremlin is that Ukraine would likely not have been granted an independent Orthodox church without Puti‚Ä¶,,Montreal,en
91,"#Ukraine  #orthodoxchurch  splits from #RussianOrthodoxChurch .
#OrthodoxChristians 

Where no division is needed.",,üáÆüá™ / üá™üá∫ / üáµüá∏ ,en
92,RT @EuromaidanPress: Ukrainian Orthodox Church head says Russian Orthodox Church will remain in Ukraine as many want it and he‚Äôs not agains‚Ä¶,,"New York, USA",ru
93,"RT @JuliaDavisNews: Ecumenical Patriarch signs decree granting #Ukraine church independence: ‚ÄúHuge win for Ukraine, defeat for the Kremlin.‚Ä¶",,–í–æ–ª–∏–Ω—å,uk
94,Heightened Hearts from Ukraine with love! #HeightenedHeartsFoundation #Ukraine #ChrismasProgram #Lyubov_a_smirnova‚Ä¶ https://t.co/pAVHrLqDfv,,"Miami, FL",en
95,RT @HDNER: Suspect of murdering two Turkish girls in Ukraine caught in Turkey: Report https://t.co/8DBJkPvQK6 https://t.co/2bFDo9FlqC,,Turkije,nl
96,–û–ø—É–±–ª–∏–∫–æ–≤–∞–Ω –ø–µ—Ä–µ–≤–æ–¥ —Ç–µ–∫—Å—Ç–∞ –ø–æ–¥–ø–∏—Å–∞–Ω–Ω–æ–≥–æ –ü–∞—Ç—Ä–∏–∞—Ä—Ö–æ–º –í–∞—Ä—Ñ–æ–ª–æ–º–µ–µ–º –¢–æ–º–æ—Å–∞ –æ –ø—Ä–µ–¥–æ—Å—Ç–∞–≤–ª–µ–Ω–∏–∏ –∞–≤—Ç–æ–∫–µ—Ñ–∞–ª–∏–∏ –ü–¶–£ https://t.co/hePfGe7DfM,,"Kyiv, Ukraine",ru
97,"RT @asestritsyn: A truly historic day for #Ukraine. Four centuries after Russian annexation of the Ukrainian Church, it has finally been gr‚Ä¶",,Ireland and Ukraine,en
98,RT @muyiwag: Speaking undiluted truth! I like that line: ‚ÄòAm I foolish to that extent?‚Äô https://t.co/wR1Hv47QmZ,,"Wan Chai District, Hong Kong",en
99,RT @muyiwag: Speaking undiluted truth! I like that line: ‚ÄòAm I foolish to that extent?‚Äô https://t.co/wR1Hv47QmZ,,"Lagos, Nigeria",en
100,"RT @TheBankova: Petro Poroshenko at the ceremony of signing the Tomos: At last, God has bestowed the Orthodox Church of Ukraine upon us htt‚Ä¶",,"–£–∫—Ä–∞—ó–Ω–∞, –ö–∏—ó–≤",uk
101,RT @uawire: Medical humanitarian aid from France arrives in #Donbas #Ukraine https://t.co/WxnB4rBjjI,,United States,en
102,"RT @UkraineAktiv: Tomos f√ºr die Orthodoxe Kirche der #Ukraine unterschrieben 

https://t.co/8AAjVbLSPL",,Berlin,de
103,"RT @by_Ukraine: ‚Äî  –ü–æ—Å–æ–ª –£–∫—Ä–∞–∏–Ω—ã –≤ –¢—É—Ä—Ü–∏–∏ –æ–ø—É–±–ª–∏–∫–æ–≤–∞–ª –ø–æ–ª–Ω—ã–π —Ç–µ–∫—Å—Ç –¢–æ–º–æ—Å–∞
https://t.co/1auMYOcAU4

#–ù–æ–≤–∏–Ω–∏ #–ù–æ–≤–æ—Å—Ç–∏ #–£–∫—Ä–∞–∏–Ω–∞ #–£–∫—Ä–∞—ó–Ω–∞ #News‚Ä¶",,–º—ñ—Å—Ç–æ —Ç–∞–º –∂–µ,ru
104,RT @Dialog_UA: https://t.co/DlsIEkGa8g,,–ï—Å—Å–µ–Ω—Ç—É–∫–∏,ru
105,RT @Biz_Ukraine_Mag: Ukrainian Orthodox independence - the latest unintended consequence of Putin‚Äôs self-defeating Ukraine War https://t.co‚Ä¶,,–ö–∏–µ–≤,ru
106,"RT @AmazingKiev: Just a hotel in Kyiv
#Kiev #Kyiv #Ukraine https://t.co/vIKiPK7IEb",,Ukraine,en
107,RT @Korrespondent: –û–ø—É–±–ª–∏–∫–æ–≤–∞–Ω –ø–µ—Ä–µ–≤–æ–¥ —Ç–µ–∫—Å—Ç–∞ –ø–æ–¥–ø–∏—Å–∞–Ω–Ω–æ–≥–æ –ü–∞—Ç—Ä–∏–∞—Ä—Ö–æ–º –í–∞—Ä—Ñ–æ–ª–æ–º–µ–µ–º –¢–æ–º–æ—Å–∞ –æ –ø—Ä–µ–¥–æ—Å—Ç–∞–≤–ª–µ–Ω–∏–∏ –∞–≤—Ç–æ–∫–µ—Ñ–∞–ª–∏–∏ –ü–¶–£ https://t.co/hePf‚Ä¶,,"–ú–æ—Å–∫–≤–∞, –†–æ—Å—Å–∏—è",ru
108,Ukraine: new Orthodox church gains independence from Moscow https://t.co/dUA29pRhuy,,London,en
109,"RT @mhmck: Ecumenical Patriarch Bartholomew I, the Archbishop of Constantinople, has signed the tomos of autocephaly for the Orthodox Churc‚Ä¶",,European Union,en
110,RT @matragrano: @bbcrussian Icon Yulia - Next President of Ukraine BY Antonio Matragrano  - –ê–Ω—Ç–æ–Ω–∏–æ –ú–∞—Ç—Ä–∞–≥—Ä–∞–Ω–æ--  1.000.000 ‚Ç¨  https://t.co‚Ä¶,,"Cosenza, Calabria -Italia",it
111,"–ü–æ—á–µ–º—É ""–ö–∏—Ä–∏–ª–ª–æ–≤—Å–∫–∞—è —Å—Ç–æ—è–Ω–∫–∞""/–£–ª.–ö–∏—Ä–∏–ª–ª–æ–≤—Å–∫–∞—è,–ü–æ–¥–æ–ª,–ö–∏–µ–≤, Kyiv, Kiev,Ukraine,Ucrania/= —Å—Ç–∞—Ä–æ–∫–∞–º–µ–Ω–Ω–∞—è –∫—É–ª—å—Ç—É—Ä–∞. –¢–µ—Ä—Ä‚Ä¶ https://t.co/qrGmxU4Epn",, Ukraine,ru
112,Russland und Ukraine: Patriarch von Konstantinopel erkennt Spaltung der Orthodoxen Kirche an... https://t.co/PUFlwnFxQC,,Hamburg und Berlin,de
113,Russland und Ukraine: Patriarch von Konstantinopel erkennt Spaltung der Orthodoxen Kirche an... https://t.co/srEHqS9F8z,,"Hamburg, Deutschland",de
114,"RT @asestritsyn: A truly historic day for #Ukraine. Four centuries after Russian annexation of the Ukrainian Church, it has finally been gr‚Ä¶",,"–£–∫—Ä–∞—ó–Ω–∞, –ö–∏—ó–≤",uk
115,RT @zn_ua: –£–∫—Ä–∞—ó–Ω–∞ –º–∞–ª–∞ –ø–æ–≤–Ω–µ –ø—Ä–∞–≤–æ –≤–∏–º–∞–≥–∞—Ç–∏ –∞–≤—Ç–æ–∫–µ—Ñ–∞–ª—ñ—é ‚Äì –ø–∞—Ç—Ä—ñ–∞—Ä—Ö –í–∞—Ä—Ñ–æ–ª–æ–º—ñ–π https://t.co/HMjbdyiZgo,,Ukraine,en
116,"RT @SantEgidioFr: #Ukraine un conflit oubli√©. Depuis plus de 4 ans, la guerre continue. Des deux c√¥t√©s, des gens continuent de mourir",,"D√©p.: 77,94,29",fr
117,RT @matragrano: @Gordonuacom Icon Yulia - Next President of Ukraine BY Antonio Matragrano  - –ê–Ω—Ç–æ–Ω–∏–æ –ú–∞—Ç—Ä–∞–≥—Ä–∞–Ω–æ--  1.000.000 ‚Ç¨  https://t.c‚Ä¶,,"Cosenza, Calabria -Italia",it
118,RT @MelvynIngleby: Epiphanius I of the Orthodox Church of #Ukraine arrives in Istanbul to receive the Tomos or letter of autonomy from the‚Ä¶,,"Porto,  Portugal  ",pt
119,"RT @JanPieklo: Tomos for #Ukraine, #Poland's strategic partner and neighbor. One step further towards strengthening its statehood. Sincere‚Ä¶",,"–£–∫—Ä–∞—ó–Ω–∞, –ö–∏—ó–≤",uk
120,–£ 2018 —Ä–æ—Ü—ñ –ø—Ä–æ–≥—Ä–∞–º–∞–º–∏ –ø—ñ–¥—Ç—Ä–∏–º–∫–∏ –∞–≥—Ä–∞—Ä—ñ—ó–≤ —Å–∫–æ—Ä–∏—Å—Ç–∞–ª–∏—Å—è 104 —Ç–∏—Å. –¥–æ–º–æ–≥–æ—Å–ø–æ–¥–∞—Ä—Å—Ç–≤ (–í–Ü–î–ï–û)  https://t.co/Tyn1jPwObN,,–£–∫—Ä–∞–∏–Ω–∞,ru
121,"RT @Stillberto: Match preview for Blackpool away. The 3 reasons I would play the kids. Uppermost, they showed they deserve it in Ukraine. h‚Ä¶",,London,en
122,"RT @mhmck: Ecumenical Patriarch Bartholomew I, the Archbishop of Constantinople, has signed the tomos of autocephaly for the Orthodox Churc‚Ä¶",,"Washington State, USA ",en
123,–í –£–∫—Ä–∞—ó–Ω—ñ –∑–Ω–∞—á–Ω–æ –∑–±—ñ–ª—å—à–∏–ª–∞—Å—å –º—ñ–Ω—ñ–º–∞–ª—å–Ω–∞ —Å—É–º–∞ –∞–ª—ñ–º–µ–Ω—Ç—ñ–≤: —Å–∫—ñ–ª—å–∫–∏ —Ç—Ä–µ–±–∞ –ø–ª–∞—Ç–∏—Ç–∏ —É 2019 —Ä–æ—Ü—ñ  https://t.co/2LaHnBOFZX,,–£–∫—Ä–∞–∏–Ω–∞,ru
124,"RT @AlexKokcharov: History is made: #Ukraine‚Äôs Orthodox Church is becoming independent after 300+ years of #Russia|n control: 

  https://t‚Ä¶",,"Krak√≥w, Polska",pl
125,.,,"Lagos, Nigeria",en
126,"RT @KyivPost: Defense Ministry: Russia prepares new armed provocations against Ukraine
  https://t.co/wNvJTvBxTB #Ukraine #Russia #defense‚Ä¶",,Sweden,sv
127,"RT @mhmck: Russia attacked Ukraine 3 times yesterday, January 4th, at the Vil'nyi (""Free"") farmstead at Zolote-4 (Luhansk region) and at Vo‚Ä¶",,"Washington State, USA ",en
128,RT @goshquiet: ‚ÄúRussians won‚Äôt do anything until presidential elections in Ukraine... They wait for some hypothetical pro-Russian president‚Ä¶,,–¢–∞–º –¥–µ –Ω–∞—Å –Ω–µ–º–∞,en
129,"RT @CLevalois: En compl√©ment, cette d√©p√™che (en anglais) de l'agence Reuters avec un  reportage photographique :  https://t.co/mdDQTfx0fn -‚Ä¶",,"Bucure≈üti, Rom√¢nia",ro
130,"RT @EuromaidanPress: Ukraine celebrates Xmas on Jan 6 &amp; 7, according to Julian calendar. Preparations  in full swing as women of the househ‚Ä¶",,–£–∫—Ä–∞—ó–Ω–∞,uk
131,"RT @AlexKokcharov: Today in Istanbul, Turkey, the Ecumenical Patriarchate of Constantinople granted the decree of independence (tomos) to #‚Ä¶",,–£–∫—Ä–∞—ó–Ω–∞,uk
132,RT @TarasKuzio: Putin‚Äôs defeat as Ukraine receives a Tomos creating Orthodox Church independent of Russia. This is a reversal of imperial h‚Ä¶,,–£–∫—Ä–∞—ó–Ω–∞,uk
133,RT @Kateryna_Kruk: Tomos of autocephaly to the Orthodox Church of #Ukraine. https://t.co/LT8vSgdx1M,,"Gdynia, Polska",pl
134,Canadian Ambassador to Ukraine:,,"Bosphorus, Istanbul",en
135,"RT @mhmck: Ecumenical Patriarch Bartholomew I, the Archbishop of Constantinople, has signed the tomos of autocephaly for the Orthodox Churc‚Ä¶",,Kyiv,en
136,"RT @WaschukCanUA: Canada‚Äôs @PaulMGrod, President of @UWCongress, joins Metropolitan @Epifaniy in Istanbul for granting of Tomos on church i‚Ä¶",,Montreal,en
137,"RT @olex_scherba: To all those who say about #autocephaly ‚Äúwhy didn‚Äôt #Ukraine wait?‚Äù, ‚Äúwhy now?‚Äù - please understand:

For centuries we Uk‚Ä¶",,–£–∫—Ä–∞—ó–Ω–∞,uk
138,"RT @TatAtfender: After 333 years Ukrainian Orthodox Church regains its independence
#Tomos #Ukraine #historyinthemaking https://t.co/1JZZ3u‚Ä¶",,–£–∫—Ä–∞—ó–Ω–∞,uk
139,–í—Ä—É—á–µ–Ω–∏–µ –¢–æ–º–æ—Å–∞ –±—É–¥–µ—Ç —Å–∫—Ä–µ–ø–ª–µ–Ω–æ —Å–æ—Å–ª—É–∂–µ–Ω–∏–µ–º —Å–æ –í—Å–µ–ª–µ–Ω—Å–∫–∏–º –ø–∞—Ç—Ä–∏–∞—Ä—Ö–æ–º - –ï–ø–∏—Ñ–∞–Ω–∏–π https://t.co/M6FvqN5pnq,,Ukraine,ru
140,RT @segodnya_online: –í –ú–æ—Å–∫–≤–µ —É–∂–µ —Å —Å–∞–º–æ–≥–æ —É—Ç—Ä–∞ –∏—Å—Ç–µ—Ä–∏–∫–∞ üòÇ https://t.co/B1Pre6vz6k,,–£–∫—Ä–∞–∏–Ω–∞ –ó–∞–ø–æ—Ä–æ–∂—å–µ,uk
141,"RT @TetySt: #Tomos for #Ukraine. The signing ceremony of tomos by the Ecumenical Patriarch right now in Istanbul. 
This will be the most di‚Ä¶",,"Punjab, India",en-gb
142,RT @SPIEGEL_alles: Russland und Ukraine: Patriarch von Konstantinopel erkennt Spaltung der Orthodoxen Kirche an... https://t.co/srEHqS9F8z,,Ankara,tr
143,"RT @mhmck: Ecumenical Patriarch Bartholomew I, the Archbishop of Constantinople, has signed the tomos of autocephaly for the Orthodox Churc‚Ä¶",,yeg Canada,en
144,RT @guardian: Ukraine: new Orthodox church gains independence from Moscow https://t.co/oroOaL52NX,,Located CYYZ,en
145,"RT @asestritsyn: A truly historic day for #Ukraine. Four centuries after Russian annexation of the Ukrainian Church, it has finally been gr‚Ä¶",,–ò–Ω—Ç–µ—Ä–Ω–µ—Ç,uk
146,"RT @KyivPost: Defense Ministry: Russia prepares new armed provocations against Ukraine
  https://t.co/wNvJTvBxTB #Ukraine #Russia #defense‚Ä¶",,New Delhi: India,en
147,RT @JanPieklo: BBC News - Ukraine Orthodox Church granted independence from Russian Church https://t.co/p40eg4GoPH,,Brussels,en
148,"RT @asestritsyn: A truly historic day for #Ukraine. Four centuries after Russian annexation of the Ukrainian Church, it has finally been gr‚Ä¶",,Perth Western Australia,en
149,"‚Äî  –í–æ –§—Ä–∞–Ω—Ü–∏–∏ ""–∂–µ–ª—Ç—ã–µ –∂–∏–ª–µ—Ç—ã"" –≤–æ–∑–æ–±–Ω–æ–≤–∏–ª–∏ –∞–∫—Ü–∏–∏ –ø—Ä–æ—Ç–µ—Å—Ç–∞
https://t.co/LMb6KkI2io

#–ù–æ–≤–∏–Ω–∏ #–ù–æ–≤–æ—Å—Ç–∏ #–£–∫—Ä–∞–∏–Ω–∞‚Ä¶ https://t.co/5ljJK1TwiB",,–¢–∏–ø–æ–≤–∏–π –£–∫—Ä–æ–ø‚Ñ¢,uk
150,"RT @mhmck: Ecumenical Patriarch Bartholomew I, the Archbishop of Constantinople, has signed the tomos of autocephaly for the Orthodox Churc‚Ä¶",,"Dublin, Ireland ",en
151,"RT @TatAtfender: After 333 years Ukrainian Orthodox Church regains its independence
#Tomos #Ukraine #historyinthemaking https://t.co/1JZZ3u‚Ä¶",,–ò–Ω—Ç–µ—Ä–Ω–µ—Ç,uk
152,RT @GlasnostGone: OOPS. The not so dynamic duo of Patrick Lancaster &amp; his friend Daniil Bezsonov strike again. Russia's 2 resident clowns i‚Ä¶,,–£–∫—Ä–∞—ó–Ω–∞,uk
153,I liked a @YouTube video https://t.co/kBJVYCkhKa Ukraine's Explosive YouTube Stars: kreosan | The New York Times,,Barcelona,en
154,"RT @Tiger_Andante: –¢–µ–∫—Å—Ç-–æ—Ä–∏“ë—ñ–Ω–∞–ª (–Ω–∞ –ø–µ—Ä–≥–∞–º–µ–Ω—Ç—ñ) –¢–æ–º–æ—Å—É –ø—Ä–æ –Ω–∞–¥–∞–Ω–Ω—è –∞–≤—Ç–æ–∫–µ—Ñ–∞–ª—ñ—ó –ü—Ä–∞–≤–æ—Å–ª–∞–≤–Ω—ñ–π –¶–µ—Ä–∫–≤—ñ –£–∫—Ä–∞—ó–Ω–∏.
–ö–∞–ª—ñ–≥—Ä–∞—Ñ—ñ—è: —ñ—î—Ä–æ–º–æ–Ω–∞—Ö –õ—É–∫–∞ (H‚Ä¶",,–ò–Ω—Ç–µ—Ä–Ω–µ—Ç,uk
155,RT @Biz_Ukraine_Mag: Historic scenes in Istanbul as the leader of the Orthodox Church of Ukraine Metropolitan Epifaniy prepares to receive‚Ä¶,,–£–∫—Ä–∞—ó–Ω–∞,uk
156,"RT @MertMehmet15: –í—ñ—Ç–∞–µ–º–æ –ü–∞–Ω–µ –ü—Ä–µ–∑–∏–¥–µ–Ω—Ç–µ –í—ñ—Ç–∞–µ–º–æ –£–∫—Ä–∞—ó–Ω–∏ —Ü–µ –í–µ–ª–∏–∫–∞ –ü–µ—Ä–µ–º–æ–≥–∞ 

#TOMOS #Ukraine #Poro≈üenko üá∫üá¶üëá https://t.co/RbTTOHM93u",,–ò–Ω—Ç–µ—Ä–Ω–µ—Ç,uk
157,RT @alfonslopeztena: Ukraine Orthodox Church has been granted independence from Russian Church. Ecumenical Patriarch Bartholomew - the head‚Ä¶,,"LasGidi,Nigeria.",en
158,"RT @Ukropo4kA: New year üéÑ fairytale not far from #Kyiv #Ukraine 
1/2 https://t.co/ATSJcAGxal",,European Union: Frankfurt/Main,de
159,"RT @GorskyDmitry: @gpovanman @ukgeol Ukraine. The Ukrainian Insurgent Army, the OUN, the UPA 70 years, the Heroes of the liberation movemen‚Ä¶",,Australia,en
160,"RT @PuestoLoco: Still trying to partner with him, Putin sent Trump a ‚Äúgift‚Äù in the form of a personal letter in a black box at the end of 2‚Ä¶",,cyberspace,en
161,RT @bodhibrian: Tell the truth and become an enemy of the (Ukraine) state ! Austrian Journalist Wehrschutz  @NinaByzantina @emmadefano1 @el‚Ä¶,,"London, England",en
162,"RT @GbengaGOLD: Dr. Sunday Adelaja, founder and senior pastor of the Embassy of the Blessed Kingdom of God for All Nations in Kiev, Ukraine‚Ä¶",,Tundun's Mind ,en
163,RT @avmtotra: https://t.co/lt20ismbV9 –ü–æ–ª—å—à–∞ –ø—Ä–µ–¥–ª–æ–∂–∏–ª–∞ –Ω–∞–∑–Ω–∞—á–∏—Ç—å —Å–ø–µ—Ü–ø–æ—Å–ª–∞–Ω–Ω–∏–∫–∞ –ì–µ–Ω—Å–µ–∫–∞ –û–û–ù –ø–æ –£–∫—Ä–∞–∏–Ω–µ https://t.co/T6ooKrU8Jm,,–î–∏–≥–æ—Ä–∞,ru
164,"RT @WaschukCanUA: Canada‚Äôs @PaulMGrod, President of @UWCongress, joins Metropolitan @Epifaniy in Istanbul for granting of Tomos on church i‚Ä¶",,Ukraine,ru
165,@AFP Icon Yulia - Next President of Ukraine BY Antonio Matragrano  - –ê–Ω—Ç–æ–Ω–∏–æ –ú–∞—Ç—Ä–∞–≥—Ä–∞–Ω–æ--  1.000.000 ‚Ç¨‚Ä¶ https://t.co/f1K5MEqirV,,"Cosenza, Calabria -Italia",it
166,"Genuinely fascinating move by Ukraine to cripple Putin‚Äôs use of their church as a hybrid weapon:

THREAD",,European Union,en
167,RT @EuromaidanPR: BBC News - Ukraine Orthodox Church granted independence from Russian Church https://t.co/CL707y88F8 |EMPR,,The World,en
168,"RT @JuliaDavisNews: Ecumenical Patriarch signs decree granting #Ukraine church independence: ‚ÄúHuge win for Ukraine, defeat for the Kremlin.‚Ä¶",,–£–∫—Ä–∞—ó–Ω–∞,uk
169,"–ó–∞ –¥–∞–Ω–∏–º–∏ –ø–æ–ª—ñ—Ü—ñ—ó, —Ç—ñ–ª—å–∫–∏ –∑ –ø–æ—á–∞—Ç–∫—É —Ü—å–æ–≥–æ —Ä–æ–∫—É –ø—Ä–∞–≤–æ–æ—Ö–æ—Ä–æ–Ω—Ü—ñ –≤–∂–µ –≤—Å—Ç–∏–≥–ª–∏ —Å–∫–ª–∞—Å—Ç–∏ 164 –∞–¥–º—ñ–Ω–ø—Ä–æ—Ç–æ–∫–æ–ª–∏ –≤—ñ–¥–ø–æ–≤—ñ–¥–Ω–æ –¥–æ —è‚Ä¶ https://t.co/rWSKI7SICD",,–£–∫—Ä–∞–∏–Ω–∞,uk
170,RT @masanorinaito: „Ç¶„ÇØ„É©„Ç§„ÉäÊ≠£Êïô‰ºö„ÅØ„É≠„Ç∑„Ç¢Ê≠£Êïô„ÅÆÂÇò‰∏ã„Åã„ÇâÈõ¢ËÑ±„Åó„Å¶Áã¨Á´ãÊïô‰ºö„Å®„Å™„Å£„Åü„ÄÇ‰ªäÊó•„ÄÅ„Ç§„Çπ„Çø„É≥„Éñ„Éº„É´„ÅÆÂÖ®Âú∞„ÅÆÁ∑è‰∏ªÊïô„Éê„É´„Éà„É≠„É°„Ç™„Çπ‰∏Ä‰∏ñ„ÅÆ„ÇÇ„Å®„Åß„Çª„É¨„É¢„Éã„Éº„ÄÇ„É≠„Ç∑„Ç¢„ÅØÈùûÈõ£„ÄÇ https://t.co/pUdlyEFhpv,,Indonesia,en
171,"RT @rubicon524: @socalesquire @Jk67Joan Treason of the highest order!
Inviting Russia to hack our election
Change GOP platform on Ukraine
H‚Ä¶",,"Virginia, USA",en
172,–ó–µ–ª–µ–Ω—Å–∫–∏–π –æ–±—ä—è–≤–∏–ª –æ –≤—ã–¥–≤–∏–∂–µ–Ω–∏–∏ —Å–≤–æ–µ–π –∫–∞–Ω–¥–∏–¥–∞—Ç—É—Ä—ã –Ω–∞ –≤—ã–±–æ—Ä–∞—Ö –ø—Ä–µ–∑–∏–¥–µ–Ω—Ç–∞ –£–∫—Ä–∞–∏–Ω—ã https://t.co/941ZN4R7y1,,–°–º–æ–ª–µ–Ω—Å–∫,ru
173,"–°–æ—Å—Ç–æ—è–ª–æ—Å—å –ø–æ–¥–ø–∏—Å–∞–Ω–∏–µ –¢–æ–º–æ—Å–∞ –í—Å–µ–ª–µ–Ω—Å–∫–∏–º –ø–∞—Ç—Ä–∏–∞—Ä—Ö–æ–º

–ò—Å—Ç–æ—á–Ω–∏–∫: https://t.co/dhO519J2XY https://t.co/dhO519J2XY",,–ö–∏–µ–≤,ru
174,RT @muyiwag: Speaking undiluted truth! I like that line: ‚ÄòAm I foolish to that extent?‚Äô https://t.co/wR1Hv47QmZ,,Somewhere in the World,en
175,5th Station of Big Fountain https://t.co/hT3pbfV4D4,,"Bradford, West Yorkshire. UK",en
176,RT @Biz_Ukraine_Mag: Ukraine makes history: live video from Istanbul as Ukraine receives a Tomos creating a Ukrainian Orthodox Church indep‚Ä¶,,–£–∫—Ä–∞—ó–Ω–∞,uk
177,RT @CurrentTimeTv: –û —á–µ–º –≥–æ–≤–æ—Ä–∏—Ç—Å—è –≤ —Ç–æ–º–æ—Å–µ –¥–ª—è –Ω–æ–≤–æ–π —É–∫—Ä–∞–∏–Ω—Å–∫–æ–π —Ü–µ—Ä–∫–≤–∏ –∏ —á–µ–º –æ–Ω –æ—Ç–ª–∏—á–∞–µ—Ç—Å—è –æ—Ç –¥–æ–∫—É–º–µ–Ω—Ç–æ–≤ –¥–ª—è –¥—Ä—É–≥–∏—Ö —Ü–µ—Ä–∫–≤–µ–π? –ü–æ–¥—Ä–æ–±–Ω–æ –∏–∑—É—á‚Ä¶,,"–ú–æ—Å–∫–≤–∞, –†–æ—Å—Å–∏—è",ru
178,@by_Ukraine Icon Yulia - Next President of Ukraine BY Antonio Matragrano  - –ê–Ω—Ç–æ–Ω–∏–æ –ú–∞—Ç—Ä–∞–≥—Ä–∞–Ω–æ--  1.000.000 ‚Ç¨‚Ä¶ https://t.co/K4Bzv6ONNb,,"Cosenza, Calabria -Italia",it
179,Hieromonk Lucas athonite gave the Patriarch the calligraphed parchment with the Tomos for Ukraine https://t.co/SoinLcLoMk,,–£–∫—Ä–∞–∏–Ω–∞,en
180,"RT @YorukIsik: Bartholomew has signed a decree granting autocephaly to the Orthodox Church in Ukraine, ending more than 330 years of Russia‚Ä¶",,–£–∫—Ä–∞—ó–Ω–∞,uk
181,Ukraine Orthodox Church granted independence from Russian Church by Ecumenical Orthodox Patriarchate of Constantino‚Ä¶ https://t.co/ZGCyrvqE0Y,,"New York, NY",en
182,"–û–±–Ω–∞—Ä–æ–¥–æ–≤–∞–ª–∏ —Ç–µ–∫—Å—Ç –ø–æ–¥–ø–∏—Å–∞–Ω–Ω–æ–≥–æ –ü–∞—Ç—Ä–∏–∞—Ä—Ö–æ–º –í–∞—Ä—Ñ–æ–ª–æ–º–µ–µ–º –¢–æ–º–æ—Å–∞

–ò—Å—Ç–æ—á–Ω–∏–∫: https://t.co/HJgbNK4yFL https://t.co/HJgbNK4yFL",,–ö–∏–µ–≤,ru
183,"RT @BungeeWedgie: #Ukraine post office celebrates Waffen SS nazis.
https://t.co/p0HkS2dSZn",,"No War, No Nukes, No Violence",en
184,"@chris_coulton @TomLondon6 -Why WTC7 fell?
-Dont push the Kremlin narrative!
-What was purpose of polonium isotope?‚Ä¶ https://t.co/qVn18wJgqX",,–°–µ–π—á–∞—Å - –ö—É–∑—å–º–∏–Ω–∫–∏,en
185,"RT @GbengaGOLD: Dr. Sunday Adelaja, founder and senior pastor of the Embassy of the Blessed Kingdom of God for All Nations in Kiev, Ukraine‚Ä¶",,Somewhere in the World,en
186,"RT @JuliaDavisNews: Ecumenical Patriarch signs decree granting #Ukraine church independence: ‚ÄúHuge win for Ukraine, defeat for the Kremlin.‚Ä¶",,"San Antonio, TX",en
187,"RT @mhmck: Ecumenical Patriarch Bartholomew I, the Archbishop of Constantinople, has signed the tomos of autocephaly for the Orthodox Churc‚Ä¶",,–£–∫—Ä–∞—ó–Ω–∞,uk
188,RT @masanorinaito: „Ç¶„ÇØ„É©„Ç§„ÉäÊ≠£Êïô‰ºö„ÅØ„É≠„Ç∑„Ç¢Ê≠£Êïô„ÅÆÂÇò‰∏ã„Åã„ÇâÈõ¢ËÑ±„Åó„Å¶Áã¨Á´ãÊïô‰ºö„Å®„Å™„Å£„Åü„ÄÇ‰ªäÊó•„ÄÅ„Ç§„Çπ„Çø„É≥„Éñ„Éº„É´„ÅÆÂÖ®Âú∞„ÅÆÁ∑è‰∏ªÊïô„Éê„É´„Éà„É≠„É°„Ç™„Çπ‰∏Ä‰∏ñ„ÅÆ„ÇÇ„Å®„Åß„Çª„É¨„É¢„Éã„Éº„ÄÇ„É≠„Ç∑„Ç¢„ÅØÈùûÈõ£„ÄÇ https://t.co/pUdlyEFhpv,,Áú†„Çâ„Å™„ÅÑË°ó,ja
189,"–£–∫—Ä–∞–∏–Ω—Ü–µ–≤ —Å–Ω–æ–≤–∞ –ø—Ä–µ–¥—É–ø—Ä–µ–¥–∏–ª–∏ –æ –º–µ—Ç–µ–ª—è—Ö –∏ –≤–µ—Ç—Ä–µ

–ò—Å—Ç–æ—á–Ω–∏–∫: https://t.co/8yKNfDRB4D https://t.co/8yKNfDRB4D",,–ö–∏–µ–≤,ru
190,RT @ACEurasia: üá∫üá¶ ‚ÄúUkraine and European security face not only military threats but also unrelenting energy threats. There is no clear West‚Ä¶,,–£–∫—Ä–∞—ó–Ω–∞,uk
191,#Ukraine Orthodox church gains independence from #Russia https://t.co/NgwLR4qd0R,,"Helsinki, Finland",fi
192,"RT @GbengaGOLD: Dr. Sunday Adelaja, founder and senior pastor of the Embassy of the Blessed Kingdom of God for All Nations in Kiev, Ukraine‚Ä¶",,Nigeria,en
193,"RT @UkrVerstehen: Ein historischer Moment f√ºr die Ukraine. Bartholom√§us, der Patriarch von Konstantinopel, unterzeichnet das Tomos, das dam‚Ä¶",,–£–∫—Ä–∞—ó–Ω–∞,uk
194,"Chariots of the Gods

https://t.co/OBhbv3fPCR

#TsemRinpoche 
#DorjeShugden 
#Kechara 
#England 
#Norway 
#Finland‚Ä¶ https://t.co/CvHqMd3IaC",,"Perak, Malaysia",en
195,"–ú—É–∂—á–∏–Ω–∞ –∏ –∂–µ–Ω—â–∏–Ω–∞ ‚Äî —ç—Ç–æ –¥–≤–µ –Ω–æ—Ç—ã, –±–µ–∑ –∫–æ—Ç–æ—Ä—ã—Ö —Å—Ç—Ä—É–Ω—ã —á–µ–ª–æ–≤–µ—á–µ—Å–∫–æ–π –¥—É—à–∏ –Ω–µ –¥–∞—é—Ç –ø—Ä–∞–≤–∏–ª—å–Ω–æ–≥–æ –∏ –ø–æ–ª–Ω–æ–≥–æ –∞–∫–∫–æ—Ä–¥–∞. (–î–∂—É–∑‚Ä¶ https://t.co/13eLK0zv3u",,–£–∫—Ä–∞–∏–Ω–∞,en
196,"RT @AnneBluebelle: Chariots of the Gods

https://t.co/OBhbv3fPCR

#TsemRinpoche 
#DorjeShugden 
#Kechara 
#England 
#Norway 
#Finland 
#Pol‚Ä¶",,"Himachal Pradesh, India",en
197,"RT @KyivPost: Defense Ministry: Russia prepares new armed provocations against Ukraine
  https://t.co/wNvJTvBxTB #Ukraine #Russia #defense‚Ä¶",,Odessa - Irpen',uk
198,"RT @barrymosk: The issues are more complex than most of us can understand. However, while Putin and Russia see the Church only as a nationa‚Ä¶",,"London, England",en
199,RT @AP: The Ecumenical Patriarch of Constantinople signs a decree of independence for the Orthodox Church of Ukraine. https://t.co/Eph5FjFk‚Ä¶,,in a basement on mountainside,el
200,"@thewhitmore After 7 January, because on that day we're celebrating Orthodox Christmas here in Ukraine.",,Ukraine,ru
201,"RT @asestritsyn: A truly historic day for #Ukraine. Four centuries after Russian annexation of the Ukrainian Church, it has finally been gr‚Ä¶",,"Berlin, Germany",en
202,RT @DECLEX: 2/3rd point had me in tears. üòÇ https://t.co/56rOzYHeQo,,Lagos.,en
203,"RT @KyivPost: Hromadske: Ukraine church becomes officially independent (LIVE VIDEO)
https://t.co/1lJ9i1fdGG #church #Ukraine #orthodox #Ist‚Ä¶",,European Union: Frankfurt/Main,de
204,"RT @UKRinCZE: Vyvrac√≠me nejroz≈°√≠≈ôenƒõj≈°√≠ myty o Stepanu Banderovi a UPA.
Nejvƒõt≈°√≠ hrozbou v souƒçasn√©m svƒõtƒõ je toti≈æ propaganda. 
https://t.‚Ä¶",,üêµ ,cs
205,"RT @KyivPost: Here‚Äôs where to go skiing, snowboarding in Ukraine
https://t.co/K3cupqo9k3   #Ukraine #skiing #travel #snowboarding https://t‚Ä¶",,European Union: Frankfurt/Main,de
206,Ecumenical Patriarch signs decree granting #Ukraine church independence https://t.co/iHX9zLsS2A,,"Helsinki, Finland",fi
207,Could the new fighting between Russia and Ukraine escalate into all-out war? https://t.co/9MCIqfwrTE,,Heart of Planet/ —É —Å–µ—Ä—Ü—ñ –ü–ª–∞–Ω–µ—Ç–∏,en
208,–£–µ—Ö–∞–≤—à–µ–≥–æ –∑–∞¬†—Ç–æ–º–æ—Å–æ–º –ü–æ—Ä–æ—à–µ–Ω–∫–æ –ø—Ä–µ–¥–∞–ª–∏ https://t.co/3rgcDzy97Z,,–ö—Ä—ã–º,ru
209,"RT @by_Ukraine: ‚Äî  –í–æ –§—Ä–∞–Ω—Ü–∏–∏ ""–∂–µ–ª—Ç—ã–µ –∂–∏–ª–µ—Ç—ã"" –≤–æ–∑–æ–±–Ω–æ–≤–∏–ª–∏ –∞–∫—Ü–∏–∏ –ø—Ä–æ—Ç–µ—Å—Ç–∞
https://t.co/LMb6KkI2io

#–ù–æ–≤–∏–Ω–∏ #–ù–æ–≤–æ—Å—Ç–∏ #–£–∫—Ä–∞–∏–Ω–∞ #–£–∫—Ä–∞—ó–Ω–∞ #News‚Ä¶",,–£–∫—Ä–∞—ó–Ω–∞,uk
210,RT @muyiwag: Speaking undiluted truth! I like that line: ‚ÄòAm I foolish to that extent?‚Äô https://t.co/wR1Hv47QmZ,,"Ado, Ekiti state, Nigeria",en
211,RT @LuigiDeBiase: https://t.co/ggkUtGJ1BR,,Ukraine/USA/Turkey,en
212,@philosophrob Would add (in regard to foreign policy) nationalist (outside G20) and/or socialist (legacy) states (l‚Ä¶ https://t.co/ySJXJ5RZHR,,"43.666¬∞N, 79.3344¬∞W",en
213,"RT @DionisCenusa: Ukraine is getting religious independence from #Russia. What will follow? The repartition of assets, and of perishers. A‚Ä¶",,"Lloret de Mar, Spain",en
214,"–í –†–ü–¶ –ø—Ä–æ–∫–æ–º–º–µ–Ω—Ç–∏—Ä–æ–≤–∞–ª–∏ –ø–æ–¥–ø–∏—Å–∞–Ω–∏–µ –¢–æ–º–æ—Å–∞ –¥–ª—è –ü–¶–£

–ò—Å—Ç–æ—á–Ω–∏–∫: https://t.co/geMnReDSrN https://t.co/geMnReDSrN",,–ö–∏–µ–≤,ru
215,"–êgoravox: –ú–µ–¥–≤–µ–¥—á—É–∫ —Å–≤—è–∑—ã–≤–∞–µ—Ç —Ä–µ—à–µ–Ω–∏–µ –¶–ò–ö –ª–∏–∫–≤–∏–¥–∏—Ä–æ–≤–∞—Ç—å —É—á–∞—Å—Ç–∫–∏ –≤ –†–§ —Å —Ñ–∞–ª—å—Å–∏—Ñ–∏–∫–∞—Ü–∏—è–º–∏ –Ω–∞ –≤—ã–±–æ—Ä–∞—Ö

#–Ω–æ–≤–∏–Ω–∏ #–Ω–æ–≤–æ—Å—Ç–∏‚Ä¶ https://t.co/vcHHAkPUmm",,–£–∫—Ä–∞–∏–Ω–∞,ru
216,"–ú–æ–∂–µ—Ç —Å–∞–º–∏ –∑–∏–∫—É—Ä–∞—Ç—ã —É–±—Ä–∞—Ç—å, –≤–º–µ—Å—Ç–æ —Ç–æ–≥–æ, —á–µ–º –Ω–æ–≤—ã—Ö –∏–¥–æ–ª–æ–≤ –ø–∞—Ç—Ä–∏–æ—Ç–æ–≤ –ø–ª–æ–¥–∏—Ç—å?",,–†–§,ru
217,"RT @KyivPost: Defense Ministry: Russia prepares new armed provocations against Ukraine
  https://t.co/wNvJTvBxTB #Ukraine #Russia #defense‚Ä¶",,Berlin,de
218,"@Snowbirdsix1000 Very, very pleased to read this.  WiFi is down for him in Ukraine ; hopefully forever. https://t.co/8JHfYgsMWd",,Monaco,en
219,RT @KyivPost: #Ukraine‚Äôs booming #technology industry has been generating lots of good news in 2018. Here is a breakdown of some notable de‚Ä¶,,European Union: Frankfurt/Main,de
220,"#Poroschenko traf sich mit #Erdogan in #Istanbul 

https://t.co/FtE5Tuokeu",,Germany/Ukraine,de
221,–°—Ç–æ–∏–º–æ—Å—Ç—å –ø—Ä–æ–µ–∑–¥–∞ –≤ –º–µ—Ç—Ä–æ –•–∞—Ä—å–∫–æ–≤–∞ –ø–ª–∞–Ω–∏—Ä—É—é—Ç –ø–æ–≤—ã—Å–∏—Ç—å –¥–æ –≤–æ—Å—å–º–∏ –≥—Ä–∏–≤–µ–Ω https://t.co/shHbE0Ao5p,,–£–∫—Ä–∞–∏–Ω–∞,ru
222,"RT @Rowlfg: Il faut arr√™ter de prendre du Captagon Bernard.

Tout le monde se souvient de votre soutien ind√©fectible √† la r√©volution ultra-‚Ä¶",,France,fr
223,"RT @EuromaidanPress: Ukraine celebrates Xmas on Jan 6 &amp; 7, according to Julian calendar. Preparations  in full swing as women of the househ‚Ä¶",,Perth Western Australia,en
224,RT @Snowbirdsix1000: History is made!: Patriarch Bartholomew of Constantinople signs Tomos of Autocephaly for Orthodox Church of Ukraine |‚Ä¶,,Monaco,en
225,"–ë—ñ–ª—å—à—ñ—Å—Ç—å –∂—ñ–Ω–æ–∫ –≤ #–£–∫—Ä–∞—ó–Ω—ñ –ø—Ä–∞—Ü—é—é—Ç—å ""–∑–∞ –∫–æ–ø—ñ–π–∫–∏""

–ü—Ä–µ–º‚Äô—î—Ä –í–æ–ª–æ–¥–∏–º–∏—Ä #–ì—Ä–æ–π—Å–º–∞–Ω –ø—ñ–¥ —á–∞—Å —Å–≤–æ–≥–æ –≤–∏—Å—Ç—É–ø—É –Ω–∞ –£–∫—Ä–∞—ó–Ω—Å—å–∫–æ–º—É‚Ä¶ https://t.co/0hmndzHUqG",,–£–∫—Ä–∞–∏–Ω–∞,uk
226,@SPIEGEL_Politik Icon Yulia - Next President of Ukraine BY Antonio Matragrano  - –ê–Ω—Ç–æ–Ω–∏–æ –ú–∞—Ç—Ä–∞–≥—Ä–∞–Ω–æ--  1.000.000 ‚Ç¨‚Ä¶ https://t.co/KMEvwFMTs3,,"Cosenza, Calabria -Italia",it
227,"RT @WaschukCanUA: Canada‚Äôs @PaulMGrod, President of @UWCongress, joins Metropolitan @Epifaniy in Istanbul for granting of Tomos on church i‚Ä¶",,Ukraine,en
228,Le patriarche de Constantinople officialise la nouvelle Eglise d‚ÄôUkraine https://t.co/4cAoBfCBgs https://t.co/lPcLjgKxsQ,,"Bruxelles, Belgique",fr
229,"Sasquatch (Bigfoot)!!!

https://t.co/5LzkKCAAhg

#TsemRinpoche 
#DorjeShugden 
#Kechara 
#England 
#Norway‚Ä¶ https://t.co/kSuOBi8AHE",,"Perak, Malaysia",en
230,@ObserverUK Icon Yulia - Next President of Ukraine BY Antonio Matragrano  - –ê–Ω—Ç–æ–Ω–∏–æ –ú–∞—Ç—Ä–∞–≥—Ä–∞–Ω–æ--  1.000.000 ‚Ç¨‚Ä¶ https://t.co/AwZ1zJdMG9,,"Cosenza, Calabria -Italia",it
231,"RT @AnneBluebelle: Sasquatch (Bigfoot)!!!

https://t.co/5LzkKCAAhg

#TsemRinpoche 
#DorjeShugden 
#Kechara 
#England 
#Norway 
#Finland 
#P‚Ä¶",,"Himachal Pradesh, India",en
232,Poroschenkos Einkommen um das 82-fache gestiegen ‚Äì innerhalb eines Jahres:  https://t.co/wBONOUt3th,,"Nordrhein-Westfalen, Deutschland",en
233,–ú–µ—Ç–∞–º–æ—Ä—Ñ–æ–∑–∏ (Ukraine): https://t.co/CBSWXRZ9qK,"{'type': 'Point', 'coordinates': [32.0, 49.0]}","Kyiv, Ukraine",en
234,"RT @GbengaGOLD: Dr. Sunday Adelaja, founder and senior pastor of the Embassy of the Blessed Kingdom of God for All Nations in Kiev, Ukraine‚Ä¶",,Nigeria,en
235,RT @AP: The Ecumenical Patriarch of Constantinople signs a decree of independence for the Orthodox Church of Ukraine. https://t.co/Eph5FjFk‚Ä¶,,In Orbit above St. Louis,en
236,@NBA @VicOladipo @Pacers Icon Yulia - Next President of Ukraine BY Antonio Matragrano  - –ê–Ω—Ç–æ–Ω–∏–æ –ú–∞—Ç—Ä–∞–≥—Ä–∞–Ω–æ--  1.00‚Ä¶ https://t.co/u4AOQVhPn4,,"Cosenza, Calabria -Italia",it
237,@Drowssap12 @shoe0nhead @not_sargon Believe what? The Putin illegal invaded Ukraine and Georgia? Or that he allowed‚Ä¶ https://t.co/2eluyb4ICC,,Inside the Gay Empire of Spain,en
238,"RT @KyivPost: Russia‚Äôs attack on Ukrainian #Navy ships in November may come as a shock to many. To better understand intricacies, this Kyiv‚Ä¶",,European Union: Frankfurt/Main,de
239,"Born in Ukraine and raised in Sweden and Northwest Indiana, long-lost sisters' reunion is ""the biggest Christmas gi‚Ä¶ https://t.co/s98cnRsSO7",,"Chicago, IL",en
240,"Ucraina, il fiero alleaten.",,Artena | Italy,en
241,"RT @chicagotribune: Born in Ukraine and raised in Sweden and Northwest Indiana, long-lost sisters' reunion is ""the biggest Christmas gift""‚Ä¶",,Ireland Dublin.,en
242,"RT @Flakmagnet1: Genuinely fascinating move by Ukraine to cripple Putin‚Äôs use of their church as a hybrid weapon:

THREAD https://t.co/Oaxi‚Ä¶",,UK East Anglia,en
243,"#3sgtegen2 #intake manifold, ready to be shipped to United Kingdom, Mark Charlie Bowers. Designed and manufactured‚Ä¶ https://t.co/SCPgEY5EDd",,"Odessa, Ukraine",en-gb
244,"RT @KyivPost: With the new year beginning, events in Ukraine during 2018 still linger in the minds for many of its citizens. This year in r‚Ä¶",,European Union: Frankfurt/Main,de
245,RT @ArchonMaestor: And the coin goes to... Ukraine! https://t.co/btoZf8R8jk,,London & Skopje,en
246,https://t.co/2RFkFWAAMc,, Ukraine,ru
247,RT @ChristopherJM: The irony for the Kremlin is that Ukraine would likely not have been granted an independent Orthodox church without Puti‚Ä¶,,Texas,en
248,"RT @mhmck: Ecumenical Patriarch Bartholomew I, the Archbishop of Constantinople, has signed the tomos of autocephaly for the Orthodox Churc‚Ä¶",,"Paterson, NJ",en
249,RT @Reuters: Ecumenical Patriarch signs decree granting Ukraine church independence https://t.co/XgB794Haee https://t.co/D0yymzZtLD,,"Ukraine, Zhytomyr",en
250,RT @KyivPost: 2018 saw #Ukraine improving in the World Bank‚Äôs Ease of Doing Business rating. Here is a recap of the top business events of‚Ä¶,,European Union: Frankfurt/Main,de
251,The other Khashoggi https://t.co/qZdv7403Un,,Alt-Center / Former-left refugee flotilla,en
252,RT @PaulMGrod: The Tomos granting the Orthodox Church of Ukraine autocephaly has been signed by Ecumenical Patriarch Bartholomew of Constan‚Ä¶,,–£–∫—Ä–∞—ó–Ω–∞,uk
253,RT @CurrentTimeTv: –û —á–µ–º –≥–æ–≤–æ—Ä–∏—Ç—Å—è –≤ —Ç–æ–º–æ—Å–µ –¥–ª—è –Ω–æ–≤–æ–π —É–∫—Ä–∞–∏–Ω—Å–∫–æ–π —Ü–µ—Ä–∫–≤–∏ –∏ —á–µ–º –æ–Ω –æ—Ç–ª–∏—á–∞–µ—Ç—Å—è –æ—Ç –¥–æ–∫—É–º–µ–Ω—Ç–æ–≤ –¥–ª—è –¥—Ä—É–≥–∏—Ö —Ü–µ—Ä–∫–≤–µ–π? –ü–æ–¥—Ä–æ–±–Ω–æ –∏–∑—É—á‚Ä¶,,–ú–æ—Å–∫–≤–∞,ru
254,RT @GaliaAckerman: Ca y est! Le Patriarche de Constantinople Bartholom√©e a sign√© le Tomos qui arrivera √† Kiev pour No√´l orthodoxe. L'Ukrain‚Ä¶,,Drome,en
255,–ü—É—Ç–∏–Ω —Ö–æ—á–µ—Ç —É–¥–∞—Ä–∏—Ç—å –ø–æ —ç–∫–æ–Ω–æ–º–∏–∫–µ https://t.co/SZCQkHDLV4,,–£–∫—Ä–∞–∏–Ω–∞,ru
256,"I CELEBRATE BOTH    "" Orthodox Christmas: Why do some Christians celebrate in January? "" üòé CHRISTMAS AGAIN! ‚úùÔ∏è‚õ™‚ò¶Ô∏èüéÅüéÑ‚Ä¶ https://t.co/IFOOuiyAny",,out of this world !,en
257,RT @gpovanman: Can you imagine the uproar if a European country issued stamps with Soviets on them? https://t.co/vDGdIF9JDg,,Australia,en
258,"–ß—Ç–æ –≥–æ–≤–æ—Ä–∏—Ç—Å—è –≤ —Ç–µ–∫—Å—Ç–µ —É–∫—Ä–∞–∏–Ω—Å–∫–æ–≥–æ —Ç–æ–º–æ—Å–∞, –∏ —á–µ–º –æ–Ω –æ—Ç–ª–∏—á–∞–µ—Ç—Å—è –æ—Ç 14 –¥—Ä—É–≥–∏—Ö https://t.co/kXIC6kMDp1",,Israel.Ashdod,ru
259,"@vomBrux @bara_vernerova Tady o tom nƒõco p√≠≈°ou, nen√≠ to moc ƒçerstv√©.
https://t.co/KMGeOmVx4o",,Czech Republic,en
260,"Orthodox Christian Christmas: Russia, Ukraine, Serbia among countries celebrating on January 7 https://t.co/EqHPVsGKtC via @abcnews",,Chicago,en
261,RT @OrthodoxNews2: #Tomos of #autocephaly to be placed in Saint Sophia's #Cathedral for public viewing: https://t.co/Y4roUO7kQj @112NewsFeed,,"Washington, DC",en
262,RT @JacquesFrre2: @SebastienHairon Il s'agit de deux structures √† la fois proches du pouvoir macronard et de l'extr√™me-droite n√©oband√©riste‚Ä¶,,"Paris, France",fr
263,RT @ChristopherJM: The irony for the Kremlin is that Ukraine would likely not have been granted an independent Orthodox church without Puti‚Ä¶,,Central Florida,en
264,RT @lennutrajektoor: Great! Just great! Ukraine handles ID'd a Ukraine criminal godfather in Turkey during receiving of tomos. One of them‚Ä¶,,"Ukraine üá∫üá¶, Kharkiv",en
265,"RT @PaulaChertok: Russia &amp; Ukraine watchers instantly recognized Trump was echoing the Kremlin. Russian propaganda views, language &amp; tactic‚Ä¶",,         @The ¬Æeal D,en
266,Russland und Ukraine: Patriarch von Konstantinopel erkennt Spaltung der Orthodoxen Kirche an https://t.co/ZLCTmjOq0k https://t.co/4lNSIUSNHX,,facebook.com/DerSPIEGEL,de
267,https://t.co/iTJBYRdTJa,,Netherlands,nl
268,@ninedragonspot @TerryGlavin I respectfully disagree. Trump says instead of rocket launchers North Korea beaches wo‚Ä¶ https://t.co/AvVt8pEVWK,,"Kingston, Ontario",en
269,RT @ianbateson: Tomos being signed in Istanbul with President Poroshenko and former President Yushchenko present https://t.co/q7ir8gxncq,,–£–∫—Ä–∞—ó–Ω–∞,uk
270,RT @TAFORU: @Teri_Kanefield Which brings us to the military and makes the exit of Mathis and the installation of a Putin-proto-puppet like‚Ä¶,,United States,en
271,RT @masanorinaito: „Ç¶„ÇØ„É©„Ç§„ÉäÊ≠£Êïô‰ºö„ÅØ„É≠„Ç∑„Ç¢Ê≠£Êïô„ÅÆÂÇò‰∏ã„Åã„ÇâÈõ¢ËÑ±„Åó„Å¶Áã¨Á´ãÊïô‰ºö„Å®„Å™„Å£„Åü„ÄÇ‰ªäÊó•„ÄÅ„Ç§„Çπ„Çø„É≥„Éñ„Éº„É´„ÅÆÂÖ®Âú∞„ÅÆÁ∑è‰∏ªÊïô„Éê„É´„Éà„É≠„É°„Ç™„Çπ‰∏Ä‰∏ñ„ÅÆ„ÇÇ„Å®„Åß„Çª„É¨„É¢„Éã„Éº„ÄÇ„É≠„Ç∑„Ç¢„ÅØÈùûÈõ£„ÄÇ https://t.co/pUdlyEFhpv,,ÈªíÊµ∑Ê≤øÂ≤∏,ja
272,Ecumenical Patriarch signs decree granting Ukraine church independence https://t.co/0zDlCPvcfb,,New York,en
273,"–ß—Ç–æ –≥–æ–≤–æ—Ä–∏—Ç—Å—è –≤ —Ç–µ–∫—Å—Ç–µ —É–∫—Ä–∞–∏–Ω—Å–∫–æ–≥–æ —Ç–æ–º–æ—Å–∞, –∏ —á–µ–º –æ–Ω –æ—Ç–ª–∏—á–∞–µ—Ç—Å—è –æ—Ç 14 –¥—Ä—É–≥–∏—Ö https://t.co/h8fWnK12Rc",,"Russia, Pskov",ru
274,"–¢–æ–ª—å–∫–æ —á—Ç–æ –æ–ø—É–±–ª–∏–∫–æ–≤–∞–Ω–æ —Ñ–æ—Ç–æ @ Kremenchug, Poltavs'Ka Oblast', Ukraine https://t.co/H3Gq2kNt7n","{'type': 'Point', 'coordinates': [33.4203057, 49.0654331]}", marinachka09,ru
275,RT @trpresidency: President Recep Tayyip Erdoƒüan met with President Petro Poroshenko of Ukraine at Vahdettin Mansion in Istanbul. https://t‚Ä¶,,ƒ∞stanbul,en
276,RT @Liveuamap: Tomos for Ukrainian Church has been signed by Ecumenical Patriarch Bartholomew of Constantinople https://t.co/6Fu6PQAnDU htt‚Ä¶,,–£–∫—Ä–∞—ó–Ω–∞,uk
277,RT @UA_EUMission: üá∫üá¶A blessed historic day of spiritual independence for #Ukraine: Ecumenical Patriarch Bartholomew signed #Tomos of Autoce‚Ä¶,,–£–∫—Ä–∞—ó–Ω–∞,uk
278,"–ß—Ç–æ –≥–æ–≤–æ—Ä–∏—Ç—Å—è –≤ —Ç–µ–∫—Å—Ç–µ —É–∫—Ä–∞–∏–Ω—Å–∫–æ–≥–æ —Ç–æ–º–æ—Å–∞, –∏ —á–µ–º –æ–Ω –æ—Ç–ª–∏—á–∞–µ—Ç—Å—è –æ—Ç 14 –¥—Ä—É–≥–∏—Ö https://t.co/PDwSE3GRTm",,"Ukraine, Kharkov",ru
279,RT @Lindalu827: Malware messages and phone calls: How Russian Special Ops won in Ukraine https://t.co/12JZlhj3QY via @thenewsrep,,New Zealand  paper.li/JUDENZ ,en
280,Ecumenical Patriarch signs decree granting Ukraine church independence https://t.co/CjmAjvtCul,,"Eugene, OR",en
281,"See our latest Mukacheve, Zakarpats'ka oblast, Ukraine #QA job and click the link in our bio to apply: Food safety‚Ä¶ https://t.co/U8bAMkUuHo","{'type': 'Point', 'coordinates': [22.7117106, 48.4493055]}",Ukraine,en
282,"If jobs with titles like ""Network Engineer, DBSS application and infrastructure"" sound appealing to you, follow us‚Ä¶ https://t.co/vsk0Nw6LEc","{'type': 'Point', 'coordinates': [30.5234, 50.4501]}",Ukraine,en
283,RT @Hromadske: The Ecumenical Patrairch Bartholomew of Constantinople has called on all autocephalous Orthodox churches‚Äô patriarchs to reco‚Ä¶,,–ö–∏—ó–≤,en
284,RT @Biz_Ukraine_Mag: Ukrainian Orthodox independence - the latest unintended consequence of Putin‚Äôs self-defeating Ukraine War https://t.co‚Ä¶,,"Bucharest, Romania",en
285,RT @wiwibloggs: KAZKA confirm that they have entered Ukraine's #Eurovision selection #Vidbir2019 https://t.co/I5ue4jxtXN via @escsebas,,Santo Domingo,ru
286,"RT @UkraineAktiv: #Poroschenko traf sich mit #Erdogan in #Istanbul 

https://t.co/FtE5Tuokeu",,–£–∫—Ä–∞—ó–Ω–∞,uk
287,@PrisonPlanet I would rather see videos abt the massive UK govt funded propaganda and disinformation initiative aga‚Ä¶ https://t.co/7PdrT24iCP,,"Jacksonville, FL",en
288,"RT @news112ua: –êgoravox: –ú–µ–¥–≤–µ–¥—á—É–∫ —Å–≤—è–∑—ã–≤–∞–µ—Ç —Ä–µ—à–µ–Ω–∏–µ –¶–ò–ö –ª–∏–∫–≤–∏–¥–∏—Ä–æ–≤–∞—Ç—å —É—á–∞—Å—Ç–∫–∏ –≤ –†–§ —Å —Ñ–∞–ª—å—Å–∏—Ñ–∏–∫–∞—Ü–∏—è–º–∏ –Ω–∞ –≤—ã–±–æ—Ä–∞—Ö

#–Ω–æ–≤–∏–Ω–∏ #–Ω–æ–≤–æ—Å—Ç–∏ #news #U‚Ä¶",,–£–∫—Ä–∞—ó–Ω–∞,uk
289,"RT @ThomasAMartin2: Imagine you‚Äôre a citizen of Ukraine, Belarus, any of the Baltics, the -stan‚Äôs, Romania, Albania &amp; the President of the‚Ä¶",,"Pelham, NY",en
290,Ecumenical Patriarch signs decree granting Ukraine church independence https://t.co/dg4MXq3WZH,,"Foxford, Co. Mayo, Ireland",en
291,RT @EasyEnglishUA: üá∫üá¶ #–¢–æ–º–æ—Å –¥–ª—è –£–∫—Ä–∞—ó–Ω–∏. –¶–µ—Ä–µ–º–æ–Ω—ñ—è –ø—ñ–¥–ø–∏—Å–∞–Ω–Ω—è –¢–æ–º–æ—Å—É –í—Å–µ–ª–µ–Ω—Å—å–∫–∏–º –ü–∞—Ç—Ä—ñ–∞—Ä—Ö–æ–º –∑–∞—Ä–∞–∑ —É –°—Ç–∞–º–±—É–ª—ñ. –¶–µ –±—É–¥–µ –Ω–∞–π–±—ñ–ª—å—à –æ–±–≥–æ–≤–æ—Ä—é–≤–∞–Ω‚Ä¶,,–ö–ò–á–í,ru
292,"@verkhovna_rada ""[The Tomos] is an issue of global geopolitics. And if this is not the case, then explain me why th‚Ä¶ https://t.co/2Y7BgdzMAr",,"#Lugansk, #Luhansk, #Donbas",en
293,"–°—Ç–∞—Ç–∏—Å—Ç–∏–∫–∞ —à–æ–∫–∏—Ä—É–µ—Ç: –≠—Å—Ç–æ–Ω–∏—è –ø–µ—Ä–µ–∂–∏–≤–∞–µ—Ç –Ω–∞—Å—Ç–æ—è—â–µ–µ ""—É–∫—Ä–∞–∏–Ω—Å–∫–æ–µ –Ω–∞—à–µ—Å—Ç–≤–∏–µ"" https://t.co/stSLCMHO7q",,https://www.ok.ru/edvinriga/,en
294,"RT @MrDtAFC: @BBCMOTD BATE Borisov v Arsenal - Luton to Lithuania, drive to Belarus, get refused entry at the border, taxi to Latvia, fligh‚Ä¶",,"England, United Kingdom",en
295,"RT @discjocke52: The more candidates running for the presidency, the less votes the qualified ones get. That's a setup by Putin. This isn't‚Ä¶",,–£–∫—Ä–∞—ó–Ω–∞,uk
296,RT @masanorinaito: „Ç¶„ÇØ„É©„Ç§„ÉäÊ≠£Êïô‰ºö„ÅØ„É≠„Ç∑„Ç¢Ê≠£Êïô„ÅÆÂÇò‰∏ã„Åã„ÇâÈõ¢ËÑ±„Åó„Å¶Áã¨Á´ãÊïô‰ºö„Å®„Å™„Å£„Åü„ÄÇ‰ªäÊó•„ÄÅ„Ç§„Çπ„Çø„É≥„Éñ„Éº„É´„ÅÆÂÖ®Âú∞„ÅÆÁ∑è‰∏ªÊïô„Éê„É´„Éà„É≠„É°„Ç™„Çπ‰∏Ä‰∏ñ„ÅÆ„ÇÇ„Å®„Åß„Çª„É¨„É¢„Éã„Éº„ÄÇ„É≠„Ç∑„Ç¢„ÅØÈùûÈõ£„ÄÇ https://t.co/pUdlyEFhpv,,ÂõõÂõΩÊ≤≥ÂÜÖÂ§öÊë©„ÄÅÁôæ‰∫∫Áî∫‚ÜíÈò™Á•ûÂ∑•Ê•≠Âú∞Â∏ØÈñì„É¢„ÉÄ„Éã„Ç∫„É†‚ÜíÊù±Âçó„Ç¢„Ç∏„Ç¢‚Üí,ja
297,RT @masanorinaito: „Ç¶„ÇØ„É©„Ç§„ÉäÊ≠£Êïô‰ºö„ÅØ„É≠„Ç∑„Ç¢Ê≠£Êïô„ÅÆÂÇò‰∏ã„Åã„ÇâÈõ¢ËÑ±„Åó„Å¶Áã¨Á´ãÊïô‰ºö„Å®„Å™„Å£„Åü„ÄÇ‰ªäÊó•„ÄÅ„Ç§„Çπ„Çø„É≥„Éñ„Éº„É´„ÅÆÂÖ®Âú∞„ÅÆÁ∑è‰∏ªÊïô„Éê„É´„Éà„É≠„É°„Ç™„Çπ‰∏Ä‰∏ñ„ÅÆ„ÇÇ„Å®„Åß„Çª„É¨„É¢„Éã„Éº„ÄÇ„É≠„Ç∑„Ç¢„ÅØÈùûÈõ£„ÄÇ https://t.co/pUdlyEFhpv,,„Éë„É©„Ç™Ê≥äÂú∞,ja
298,"RT @AlexKokcharov: History is made: #Ukraine‚Äôs Orthodox Church is becoming independent after 300+ years of #Russia|n control: 

  https://t‚Ä¶",,–£–∫—Ä–∞—ó–Ω–∞,uk
299,"RT @RusPerspective: Gedenkbriefmarken der heutigen #Ukraine an SS-Mitglieder. Die SS-Division ""#Galizien"", heute auch im Schulunterricht gl‚Ä¶",,Earth,de
300,"Nationale Wahlen w√§hrend der Vorlesungszeit zur Gen√ºge:

. Pr√§sidentenwahlen: Senegal, Slowakei, Ukraine, Algerien,‚Ä¶ https://t.co/DzB8S5bCeG",,Schweiz,de
301,"RT @halyapuff: #Ukrainian political prisoner jailed for fictitious ‚Äò#Crimea saboteur‚Äô plot disappears in #Russia 
#FreePanov #LetMyPeopleGo‚Ä¶",,–£–∫—Ä–∞—ó–Ω–∞,uk
302,Le patriarche de Constantinople officialise la nouvelle Eglise d'Ukraine: Istanbul - Le patriarche Bartholom√©e de‚Ä¶ https://t.co/XG4sgJHCZD,,France,fr
303,"¬´–¢–æ–º–æ—Å ‚Äì —ç—Ç–æ –±—É–º–∞–≥–∞, –Ω–µ –æ–±–ª–∞–¥–∞—é—â–∞—è –Ω–∏–∫–∞–∫–æ–π –∫–∞–Ω–æ–Ω–∏—á–µ—Å–∫–æ–π —Å–∏–ª–æ–π¬ª: –≤ –†–ü–¶ –æ—Ç—Ä–µ–∞–≥–∏—Ä–æ–≤–∞–ª–∏ –Ω–∞ –∏—Å—Ç–æ—Ä–∏—á–µ—Å–∫–∏–µ —Å–æ–±—ã—Ç–∏—è –≤ –£–∫—Ä–∞–∏‚Ä¶ https://t.co/IMHrjjcI3n",,–£–∫—Ä–∞–∏–Ω–∞,ru
304,"RT @GbengaGOLD: Dr. Sunday Adelaja, founder and senior pastor of the Embassy of the Blessed Kingdom of God for All Nations in Kiev, Ukraine‚Ä¶",,nyc,en
305,RT @DerSPIEGEL: Russland und Ukraine: Patriarch von Konstantinopel erkennt Spaltung der Orthodoxen Kirche an https://t.co/ZLCTmjOq0k https:‚Ä¶,,Greifswald to Hamburg,de
306,"RT @PaulNiland: I know this is a bit of a tangent, but as this is about how the US allocates money to be spent on pretty much anything...‚Ä¶",,–£–∫—Ä–∞—ó–Ω–∞,uk
307,RT @masanorinaito: „Ç¶„ÇØ„É©„Ç§„ÉäÊ≠£Êïô‰ºö„ÅØ„É≠„Ç∑„Ç¢Ê≠£Êïô„ÅÆÂÇò‰∏ã„Åã„ÇâÈõ¢ËÑ±„Åó„Å¶Áã¨Á´ãÊïô‰ºö„Å®„Å™„Å£„Åü„ÄÇ‰ªäÊó•„ÄÅ„Ç§„Çπ„Çø„É≥„Éñ„Éº„É´„ÅÆÂÖ®Âú∞„ÅÆÁ∑è‰∏ªÊïô„Éê„É´„Éà„É≠„É°„Ç™„Çπ‰∏Ä‰∏ñ„ÅÆ„ÇÇ„Å®„Åß„Çª„É¨„É¢„Éã„Éº„ÄÇ„É≠„Ç∑„Ç¢„ÅØÈùûÈõ£„ÄÇ https://t.co/pUdlyEFhpv,,"East Side of Tokyo, Japan",ja
308,Ich habe ein Video zu einer @YouTube-Playlist hinzugef√ºgt: https://t.co/yN9ZTAzDT8 Ukraine International Airlines Boeing 737-85R,,Berlin,de
309,"RT @ukrcancongress: Tomos of Autocephaly has been signed!! #Tomos #Ukraine

BBC News - Ukraine Orthodox Church granted independence from Ru‚Ä¶",,–ö–∏—ó–≤,uk
310,"Unsolved Mysteries ‚Äì UFO‚Äôs &amp; Me‚Ä¶

https://t.co/jrzDOhcY5m

#TsemRinpoche 
#DorjeShugden 
#Kechara 
#England‚Ä¶ https://t.co/epeL0iYKKz",,"Perak, Malaysia",en
311,someone from ukraine was trying to hack my instagram??¬ø¬ø lmao,,"Washington, DC",en
312,"RT @AlexKokcharov: Today in Istanbul, Turkey, the Ecumenical Patriarchate of Constantinople granted the decree of independence (tomos) to #‚Ä¶",,Bremen/Berlin/Mannheim,de
313,"RT @AnneBluebelle: Unsolved Mysteries ‚Äì UFO‚Äôs &amp; Me‚Ä¶

https://t.co/jrzDOhcY5m

#TsemRinpoche 
#DorjeShugden 
#Kechara 
#England 
#Norway 
#F‚Ä¶",,"Himachal Pradesh, India",en
314,"RT @mhmck: Ecumenical Patriarch Bartholomew I, the Archbishop of Constantinople, has signed the tomos of autocephaly for the Orthodox Churc‚Ä¶",,Monaco,en
315,@jimcarroll UR-CAJ might have stopped at St John's Newfoundland across the Atlantic as the range on a full tank is‚Ä¶ https://t.co/hNVo32BvMs,,"Tydavnet, Monaghan, Ireland",en
316,Ruben Pol by Filip Koludrovic for L‚ÄôOfficiel Hommes Ukraine https://t.co/cwuJzFTAYT https://t.co/NaXtBiHPZC,,London,en
317,RT @ChristopherJM: The irony for the Kremlin is that Ukraine would likely not have been granted an independent Orthodox church without Puti‚Ä¶,,"Bruxelles, Belgique",fr
318,"RT @by_Ukraine: ‚Äî  –ü–æ—Å–æ–ª –£–∫—Ä–∞–∏–Ω—ã –≤ –¢—É—Ä—Ü–∏–∏ –æ–ø—É–±–ª–∏–∫–æ–≤–∞–ª –ø–æ–ª–Ω—ã–π —Ç–µ–∫—Å—Ç –¢–æ–º–æ—Å–∞
https://t.co/1auMYOcAU4

#–ù–æ–≤–∏–Ω–∏ #–ù–æ–≤–æ—Å—Ç–∏ #–£–∫—Ä–∞–∏–Ω–∞ #–£–∫—Ä–∞—ó–Ω–∞ #News‚Ä¶",,Œ± Centauri,ru
319,"RT @mhmck: Ecumenical Patriarch Bartholomew I, the Archbishop of Constantinople, has signed the tomos of autocephaly for the Orthodox Churc‚Ä¶",,"Kentucky, USA",en
